{
  "events": [
    {
      "id": "5d8d",
      "name": "Christmas Celebration",
      "startDate": "2024-12-25",
      "endDate": "2024-12-26",
      "location": "Pune",
      "description": "Christmas Celebration"
    },
    {
      "id": "291c",
      "name": "Arjun marrige",
      "startDate": "2024-12-27",
      "endDate": "2024-12-27",
      "location": "Pune",
      "description": "Arjun marrige"
    }
  ],
  "registeredUsers": [
    {
      "id": "69ea",
      "name": "Vaibhav Sunil Devkar",
      "email": "vaibhavdevkar949@gmail.com",
      "eventName": "Arjun marrige"
    },
    {
      "id": "b4df",
      "name": "Sujit Sanap",
      "email": "vaibhavdevkar949@gmail.com",
      "eventName": "Christmas Celebration"
    }
  ]
}