{
  "hash": "a4a6619b",
  "configHash": "7f0c79e4",
  "lockfileHash": "fc20311e",
  "browserHash": "d13ec2d0",
  "optimized": {
    "@angular/common": {
      "src": "../../../../../../node_modules/@angular/common/fesm2022/common.mjs",
      "file": "@angular_common.js",
      "fileHash": "b3829007",
      "needsInterop": false
    },
    "@angular/common/http": {
      "src": "../../../../../../node_modules/@angular/common/fesm2022/http.mjs",
      "file": "@angular_common_http.js",
      "fileHash": "8d567219",
      "needsInterop": false
    },
    "@angular/core": {
      "src": "../../../../../../node_modules/@angular/core/fesm2022/core.mjs",
      "file": "@angular_core.js",
      "fileHash": "314c744e",
      "needsInterop": false
    },
    "@angular/forms": {
      "src": "../../../../../../node_modules/@angular/forms/fesm2022/forms.mjs",
      "file": "@angular_forms.js",
      "fileHash": "17c5d742",
      "needsInterop": false
    },
    "@angular/platform-browser": {
      "src": "../../../../../../node_modules/@angular/platform-browser/fesm2022/platform-browser.mjs",
      "file": "@angular_platform-browser.js",
      "fileHash": "870358c4",
      "needsInterop": false
    },
    "@angular/router": {
      "src": "../../../../../../node_modules/@angular/router/fesm2022/router.mjs",
      "file": "@angular_router.js",
      "fileHash": "8448f0ae",
      "needsInterop": false
    },
    "rxjs": {
      "src": "../../../../../../node_modules/rxjs/dist/esm5/index.js",
      "file": "rxjs.js",
      "fileHash": "5704f2d4",
      "needsInterop": false
    }
  },
  "chunks": {
    "chunk-SRLFHSEL": {
      "file": "chunk-SRLFHSEL.js"
    },
    "chunk-AB2IXZW4": {
      "file": "chunk-AB2IXZW4.js"
    },
    "chunk-TNDQCT4Z": {
      "file": "chunk-TNDQCT4Z.js"
    },
    "chunk-KHI2B5NF": {
      "file": "chunk-KHI2B5NF.js"
    },
    "chunk-5TID76VL": {
      "file": "chunk-5TID76VL.js"
    }
  }
}